<application>
  <component name="BitbucketCloudRegistry">
    <lookup />
  </component>
  <component name="BitbucketServerRegistry">
    <instances>
      <instance uuid="eb933069-d798-3301-babc-1e4abc85eb74" baseUri="https://git.iggroup.local/" />
    </instances>
    <lookup>
      <record scheme="https" hostname="git.iggroup.local" port="-1" path="/" uuid="eb933069-d798-3301-babc-1e4abc85eb74" />
      <record scheme="ssh" hostname="git.iggroup.local" port="7999" path="/" uuid="eb933069-d798-3301-babc-1e4abc85eb74" />
    </lookup>
  </component>
  <component name="Instance" id="66789452-ff03-4f95-b159-ef9695b9e21e" version="2021.2.188" />
</application>