<application>
  <component name="UISettings">
    <option name="EDITOR_AA_TYPE" value="Greyscale" />
    <option name="EDITOR_TAB_LIMIT" value="1" />
    <option name="EDITOR_TAB_PLACEMENT" value="0" />
    <option name="HIDE_KNOWN_EXTENSION_IN_TABS" value="true" />
    <option name="HIDE_TOOL_STRIPES" value="true" />
    <option name="IDE_AA_TYPE" value="Greyscale" />
    <option name="SHOW_DIRECTORY_FOR_NON_UNIQUE_FILENAMES" value="false" />
    <option name="SHOW_FILE_ICONS_IN_TABS" value="false" />
    <option name="SHOW_STATUS_BAR" value="false" />
    <option name="SHOW_TABS_TOOLTIPS" value="false" />
    <option name="USE_SMALL_LABELS_ON_TABS" value="false" />
  </component>
</application>