<keymap version="1" name="macOS copy" parent="Mac OS X 10.5+">
  <action id="DatabaseView.PropertiesAction">
    <keyboard-shortcut first-keystroke="meta semicolon" />
  </action>
  <action id="GotoDeclaration">
    <keyboard-shortcut first-keystroke="meta b" />
    <mouse-shortcut keystroke="meta button1" />
    <mouse-shortcut keystroke="Force touch" />
    <mouse-shortcut keystroke="button2" />
    <keyboard-shortcut first-keystroke="meta i" />
  </action>
  <action id="GotoImplementation">
    <keyboard-shortcut first-keystroke="meta i" />
  </action>
</keymap>