<application>
  <component name="LocalDatabaseDriverManager" version="201">
    <driver id="athena">
      <artifact />
      <library>
        <url>file://$APPLICATION_CONFIG_DIR$/jdbc-drivers/Athena/2.0.24/AthenaJDBC42_2.0.24.1000.jar</url>
      </library>
    </driver>
    <driver id="oracle.19">
      <artifact id="Oracle" name="Oracle" use="true" version="21.1.0.0" />
    </driver>
    <driver id="oracle">
      <artifact id="Oracle" name="Oracle" channel="fixed" rolling="false" use="true" version="11.2.0.4" />
    </driver>
    <driver id="postgresql">
      <artifact id="PostgreSQL" name="PostgreSQL" use="true" version="42.2.22" />
    </driver>
    <driver id="redshift">
      <artifact id="Redshift" name="Redshift" use="true" version="2.0.0.5" />
    </driver>
  </component>
</application>