<keymap version="1" name="macOS copy" parent="Mac OS X 10.5+">
  <action id="ActivateMavenToolWindow">
    <keyboard-shortcut first-keystroke="meta b" />
  </action>
  <action id="Bitbucket.OpenFileInBitbucket">
    <keyboard-shortcut first-keystroke="shift meta x" second-keystroke="b" />
    <keyboard-shortcut first-keystroke="meta g" />
  </action>
  <action id="ChangesView.SetDefault" />
  <action id="ChooseRunConfiguration">
    <keyboard-shortcut first-keystroke="ctrl alt r" />
    <keyboard-shortcut first-keystroke="meta enter" />
  </action>
  <action id="CloseContent">
    <keyboard-shortcut first-keystroke="meta w" />
    <keyboard-shortcut first-keystroke="ctrl q" />
  </action>
  <action id="CodeCompletion" />
  <action id="Console.Execute.Multiline" />
  <action id="Console.SplitLine" />
  <action id="Console.TableResult.NavigateForeignAction">
    <mouse-shortcut keystroke="meta button1" />
    <mouse-shortcut keystroke="Force touch" />
    <mouse-shortcut keystroke="button2" />
  </action>
  <action id="Console.TableResult.Reload" />
  <action id="Console.TableResult.Submit" />
  <action id="DatabaseView.PropertiesAction" />
  <action id="DirDiffMenu.SynchronizeDiff.All" />
  <action id="EditorSplitLine" />
  <action id="FileChooser.TogglePathShowing" />
  <action id="FindNext" />
  <action id="Github.PullRequest.Comments.Reload" />
  <action id="Github.PullRequest.Details.Reload" />
  <action id="GotoClass" />
  <action id="GotoDeclaration">
    <mouse-shortcut keystroke="meta button1" />
    <mouse-shortcut keystroke="Force touch" />
    <mouse-shortcut keystroke="button2" />
    <keyboard-shortcut first-keystroke="meta i" />
  </action>
  <action id="GotoFile">
    <keyboard-shortcut first-keystroke="meta p" />
  </action>
  <action id="GotoImplementation">
    <keyboard-shortcut first-keystroke="meta alt b" />
    <mouse-shortcut keystroke="meta alt button1" />
    <keyboard-shortcut first-keystroke="meta i" />
  </action>
  <action id="GotoSymbol">
    <keyboard-shortcut first-keystroke="meta o" />
  </action>
  <action id="KotlinShellExecute" />
  <action id="MinimizeCurrentWindow" />
  <action id="NextProjectWindow">
    <keyboard-shortcut first-keystroke="meta back_quote" />
  </action>
  <action id="NextWindow" />
  <action id="ParameterInfo" />
  <action id="PreviousProjectWindow">
    <keyboard-shortcut first-keystroke="shift meta back_quote" />
  </action>
  <action id="PreviousWindow" />
  <action id="Refresh" />
  <action id="RenameElement">
    <keyboard-shortcut first-keystroke="meta r" />
  </action>
  <action id="Replace" />
  <action id="Rerun" />
  <action id="Scala.ShowImplicitConversions" />
  <action id="Scala.ShowImplicits">
    <keyboard-shortcut first-keystroke="shift ctrl alt equals" />
    <keyboard-shortcut first-keystroke="shift ctrl alt add" />
  </action>
  <action id="ShowNavBar">
    <keyboard-shortcut first-keystroke="meta up" />
    <keyboard-shortcut first-keystroke="alt home" />
    <keyboard-shortcut first-keystroke="ctrl space" />
  </action>
  <action id="SplitChooser.Duplicate" />
  <action id="Svn.RefreshWorkingCopies" />
  <action id="Terminal.SmartCommandExecution.Run" />
  <action id="Vcs.Log.Refresh" />
  <action id="ViewSource" />
  <action id="org.intellij.plugins.markdown.ui.actions.styling.ToggleItalicAction" />
  <action id="osmedile.intellij.stringmanip.PopupChoiceAction">
    <keyboard-shortcut first-keystroke="shift alt m" />
    <keyboard-shortcut first-keystroke="alt m" />
    <keyboard-shortcut first-keystroke="meta m" />
  </action>
</keymap>