<profile version="1.0">
  <option name="myName" value="Default" />
  <inspection_tool class="DuplicatedCode" enabled="true" level="WEAK WARNING" enabled_by_default="true">
    <Languages>
      <language minSize="50" name="Python" />
    </Languages>
  </inspection_tool>
  <inspection_tool class="PyPackageRequirementsInspection" enabled="true" level="WARNING" enabled_by_default="true">
    <option name="ignoredPackages">
      <value>
        <list size="89">
          <item index="0" class="java.lang.String" itemvalue="typed-ast" />
          <item index="1" class="java.lang.String" itemvalue="tabulate" />
          <item index="2" class="java.lang.String" itemvalue="cython" />
          <item index="3" class="java.lang.String" itemvalue="python-dateutil" />
          <item index="4" class="java.lang.String" itemvalue="partd" />
          <item index="5" class="java.lang.String" itemvalue="marshmallow" />
          <item index="6" class="java.lang.String" itemvalue="pycparser" />
          <item index="7" class="java.lang.String" itemvalue="cycler" />
          <item index="8" class="java.lang.String" itemvalue="executing" />
          <item index="9" class="java.lang.String" itemvalue="python-slugify" />
          <item index="10" class="java.lang.String" itemvalue="locket" />
          <item index="11" class="java.lang.String" itemvalue="azure-common" />
          <item index="12" class="java.lang.String" itemvalue="heapdict" />
          <item index="13" class="java.lang.String" itemvalue="fsspec" />
          <item index="14" class="java.lang.String" itemvalue="prefect" />
          <item index="15" class="java.lang.String" itemvalue="appdirs" />
          <item index="16" class="java.lang.String" itemvalue="pycryptodomex" />
          <item index="17" class="java.lang.String" itemvalue="certifi" />
          <item index="18" class="java.lang.String" itemvalue="oauthlib" />
          <item index="19" class="java.lang.String" itemvalue="graphviz" />
          <item index="20" class="java.lang.String" itemvalue="pendulum" />
          <item index="21" class="java.lang.String" itemvalue="pyparsing" />
          <item index="22" class="java.lang.String" itemvalue="cryptography" />
          <item index="23" class="java.lang.String" itemvalue="distributed" />
          <item index="24" class="java.lang.String" itemvalue="kiwisolver" />
          <item index="25" class="java.lang.String" itemvalue="typing-extensions" />
          <item index="26" class="java.lang.String" itemvalue="click" />
          <item index="27" class="java.lang.String" itemvalue="psutil" />
          <item index="28" class="java.lang.String" itemvalue="pyyaml" />
          <item index="29" class="java.lang.String" itemvalue="icecream" />
          <item index="30" class="java.lang.String" itemvalue="boto3" />
          <item index="31" class="java.lang.String" itemvalue="regex" />
          <item index="32" class="java.lang.String" itemvalue="natsort" />
          <item index="33" class="java.lang.String" itemvalue="asttokens" />
          <item index="34" class="java.lang.String" itemvalue="matplotlib" />
          <item index="35" class="java.lang.String" itemvalue="dask" />
          <item index="36" class="java.lang.String" itemvalue="msgpack" />
          <item index="37" class="java.lang.String" itemvalue="idna" />
          <item index="38" class="java.lang.String" itemvalue="cramjam" />
          <item index="39" class="java.lang.String" itemvalue="pathspec" />
          <item index="40" class="java.lang.String" itemvalue="python-box" />
          <item index="41" class="java.lang.String" itemvalue="isodate" />
          <item index="42" class="java.lang.String" itemvalue="tblib" />
          <item index="43" class="java.lang.String" itemvalue="cffi" />
          <item index="44" class="java.lang.String" itemvalue="mypy-extensions" />
          <item index="45" class="java.lang.String" itemvalue="cloudpickle" />
          <item index="46" class="java.lang.String" itemvalue="requests" />
          <item index="47" class="java.lang.String" itemvalue="numpy" />
          <item index="48" class="java.lang.String" itemvalue="snowflake-connector-python" />
          <item index="49" class="java.lang.String" itemvalue="importlib-metadata" />
          <item index="50" class="java.lang.String" itemvalue="pyopenssl" />
          <item index="51" class="java.lang.String" itemvalue="websocket-client" />
          <item index="52" class="java.lang.String" itemvalue="docker" />
          <item index="53" class="java.lang.String" itemvalue="requests-oauthlib" />
          <item index="54" class="java.lang.String" itemvalue="pytzdata" />
          <item index="55" class="java.lang.String" itemvalue="zipp" />
          <item index="56" class="java.lang.String" itemvalue="thrift" />
          <item index="57" class="java.lang.String" itemvalue="zict" />
          <item index="58" class="java.lang.String" itemvalue="urllib3" />
          <item index="59" class="java.lang.String" itemvalue="oscrypto" />
          <item index="60" class="java.lang.String" itemvalue="pygments" />
          <item index="61" class="java.lang.String" itemvalue="pyarrow" />
          <item index="62" class="java.lang.String" itemvalue="croniter" />
          <item index="63" class="java.lang.String" itemvalue="six" />
          <item index="64" class="java.lang.String" itemvalue="tornado" />
          <item index="65" class="java.lang.String" itemvalue="botocore" />
          <item index="66" class="java.lang.String" itemvalue="asn1crypto" />
          <item index="67" class="java.lang.String" itemvalue="text-unidecode" />
          <item index="68" class="java.lang.String" itemvalue="black" />
          <item index="69" class="java.lang.String" itemvalue="marshmallow-oneofschema" />
          <item index="70" class="java.lang.String" itemvalue="toml" />
          <item index="71" class="java.lang.String" itemvalue="channelattribution" />
          <item index="72" class="java.lang.String" itemvalue="fastparquet" />
          <item index="73" class="java.lang.String" itemvalue="sortedcontainers" />
          <item index="74" class="java.lang.String" itemvalue="chardet" />
          <item index="75" class="java.lang.String" itemvalue="jmespath" />
          <item index="76" class="java.lang.String" itemvalue="msrest" />
          <item index="77" class="java.lang.String" itemvalue="pandas" />
          <item index="78" class="java.lang.String" itemvalue="s3transfer" />
          <item index="79" class="java.lang.String" itemvalue="toolz" />
          <item index="80" class="java.lang.String" itemvalue="azure-storage-blob" />
          <item index="81" class="java.lang.String" itemvalue="colorama" />
          <item index="82" class="java.lang.String" itemvalue="pillow" />
          <item index="83" class="java.lang.String" itemvalue="pytz" />
          <item index="84" class="java.lang.String" itemvalue="pyjwt" />
          <item index="85" class="java.lang.String" itemvalue="azure-core" />
          <item index="86" class="java.lang.String" itemvalue="pykube-ng" />
          <item index="87" class="java.lang.String" itemvalue="PyYaml" />
          <item index="88" class="java.lang.String" itemvalue="scipy" />
        </list>
      </value>
    </option>
  </inspection_tool>
  <inspection_tool class="SqlNoDataSourceInspection" enabled="false" level="WARNING" enabled_by_default="false" />
</profile>